{"means": [5.0575, 5.0436, 0.9005, 20.144885, 251.33703799999998, 5059.215955840001, 11.5631, 2.9841, 0.5069], "scales": [2.5848778984702547, 2.5933567128337742, 0.29933217334593354, 20.391909516932813, 144.15715308588247, 6712.66162419428, 6.9133362705715395, 1.9932504082528115, 0.49995238773307205]}